{
  "bertscore": {
    "precision": 0.4440187641978264,
    "recall": 0.6265607184171677,
    "f1": 0.5181669229269028
  },
  "rouge": {
    "rouge1": 0.12530231872483283,
    "rouge2": 0.05237379481631548,
    "rougeL": 0.09687048858517905,
    "rougeLsum": 0.10431331192748736
  },
  "bleu": 0.016463863723451343
}