{
  "bertscore": {
    "precision": 0.40733142346143725,
    "recall": 0.5897476267814636,
    "f1": 0.4802704206109047
  },
  "rouge": {
    "rouge1": 0.07960400165974331,
    "rouge2": 0.03658340710242757,
    "rougeL": 0.06557151135738878,
    "rougeLsum": 0.07157344338191254
  },
  "bleu": 0.011894307772453363
}