{
  "bertscore": {
    "precision": 0.39771619588136675,
    "recall": 0.5982001084089279,
    "f1": 0.4763411635160446
  },
  "rouge": {
    "rouge1": 0.07865746562886186,
    "rouge2": 0.03744930517080039,
    "rougeL": 0.06419165943200567
  },
  "bleu": 0.013131356055702004
}